{
    "accuracy": 0.8354430379746836,
    "roc_auc": 0.9571843251088533,
    "brier_score": 0.08057455326692532
}