{
    "accuracy": 0.8328290468986385,
    "roc_auc": 0.9220711055740125,
    "brier_score": 0.11644126634280323
}