{
    "accuracy": 0.8835443037974684,
    "precision": 0.9506172839506173,
    "recall": 0.8716981132075472,
    "f1_score": 0.9094488188976378,
    "roc_auc": 0.9554281567489115,
    "fail_recall": 0.9076923076923077
}